"0","library(optimall)
library(DiagrammeR)
library(survey)
"
"2","Loading required package: grid
"
"2","Loading required package: Matrix
"
"2","Loading required package: survival
"
"2","
Attaching package: ‘survey’

"
"2","The following object is masked from ‘package:graphics’:

    dotchart

"
"0","library(datasets)"
"0","library(dplyr)"
"2","
Attaching package: ‘dplyr’

"
"2","The following objects are masked from ‘package:stats’:

    filter, lag

"
"2","The following objects are masked from ‘package:base’:

    intersect, setdiff, setequal, union

"
